2025-12-13_15-39-03,100,draft.py:2025-12-13_15-39-03
2025-12-14_13-43-34,100,draft.py:2025-12-13_15-39-03
2025-12-14_13-47-33,0,draft.py:2025-12-14_13-47-33
2025-12-14_13-47-35,0,draft.py:2025-12-14_13-47-33
2025-12-14_13-56-35,0,draft.py:2025-12-14_13-56-35
2025-12-14_13-56-43,100,draft.py:2025-12-14_13-56-43
2025-12-14_13-56-44,100,draft.py:2025-12-14_13-56-43
2025-12-14_13-56-45,100,draft.py:2025-12-14_13-56-43
2025-12-14_13-59-37,0,draft.py:2025-12-14_13-59-37
2025-12-14_13-59-39,0,draft.py:2025-12-14_13-59-37
2025-12-14_13-59-40,0,draft.py:2025-12-14_13-59-37
2025-12-14_13-59-40,0,draft.py:2025-12-14_13-59-37
2025-12-14_13-59-41,0,draft.py:2025-12-14_13-59-37
2025-12-14_13-59-59,0,draft.py:2025-12-14_13-59-37
2025-12-14_14-01-14,0,draft.py:2025-12-14_14-01-14
2025-12-14_14-01-15,0,draft.py:2025-12-14_14-01-14
2025-12-14_14-01-30,0,draft.py:2025-12-14_14-01-30
2025-12-14_14-02-25,0,draft.py:2025-12-14_14-01-30
2025-12-14_14-02-28,---,draft.py:2025-12-14_14-01-30
2025-12-14_14-02-40,---,draft.py:2025-12-14_14-01-30
2025-12-14_14-08-35,0,draft.py:2025-12-14_14-08-35
2025-12-14_14-12-18,0,draft.py:2025-12-14_14-12-18
2025-12-14_14-12-19,0,draft.py:2025-12-14_14-12-18
2025-12-14_14-12-20,0,draft.py:2025-12-14_14-12-18
2025-12-14_14-12-21,0,draft.py:2025-12-14_14-12-18
2025-12-14_14-12-21,0,draft.py:2025-12-14_14-12-18
2025-12-14_14-12-21,0,draft.py:2025-12-14_14-12-18
2025-12-14_14-12-21,0,draft.py:2025-12-14_14-12-18
2025-12-14_14-12-22,0,draft.py:2025-12-14_14-12-18
2025-12-14_14-12-22,0,draft.py:2025-12-14_14-12-18
2025-12-14_14-12-22,0,draft.py:2025-12-14_14-12-18
2025-12-14_14-12-22,0,draft.py:2025-12-14_14-12-18
2025-12-14_14-12-22,0,draft.py:2025-12-14_14-12-18
2025-12-14_14-12-22,0,draft.py:2025-12-14_14-12-18
2025-12-14_14-12-23,0,draft.py:2025-12-14_14-12-18
2025-12-14_14-12-23,0,draft.py:2025-12-14_14-12-18
2025-12-14_14-12-23,0,draft.py:2025-12-14_14-12-18
2025-12-14_14-12-23,0,draft.py:2025-12-14_14-12-18
2025-12-14_14-12-23,0,draft.py:2025-12-14_14-12-18
2025-12-14_14-12-24,0,draft.py:2025-12-14_14-12-18
2025-12-14_14-12-24,0,draft.py:2025-12-14_14-12-18
2025-12-14_14-12-24,0,draft.py:2025-12-14_14-12-18
2025-12-14_14-12-24,0,draft.py:2025-12-14_14-12-18
2025-12-14_14-12-24,0,draft.py:2025-12-14_14-12-18
2025-12-14_14-12-25,0,draft.py:2025-12-14_14-12-18
2025-12-14_14-12-25,0,draft.py:2025-12-14_14-12-18
2025-12-14_14-14-47,0,draft.py:2025-12-14_14-14-47
2025-12-14_14-15-09,0,draft.py:2025-12-14_14-15-09
2025-12-14_14-18-12,0,draft.py:2025-12-14_14-18-12
2025-12-14_14-18-18,0,draft.py:2025-12-14_14-18-12
2025-12-14_14-19-47,0,draft.py:2025-12-14_14-19-47
2025-12-14_14-19-48,0,draft.py:2025-12-14_14-19-47
2025-12-14_14-19-54,0,draft.py:2025-12-14_14-19-54
2025-12-14_14-24-19,0,draft.py:2025-12-14_14-24-19
2025-12-14_14-24-19,0,draft.py:2025-12-14_14-24-19
2025-12-14_14-36-05,0,draft.py:2025-12-14_14-36-05
2025-12-14_14-36-06,0,draft.py:2025-12-14_14-36-05
2025-12-14_14-36-15,0,draft.py:2025-12-14_14-36-15
2025-12-14_14-39-29,0,draft.py:2025-12-14_14-36-15
2025-12-14_14-49-53,0,draft.py:2025-12-14_14-49-53
2025-12-14_14-50-12,0,draft.py:2025-12-14_14-50-12
2025-12-14_14-50-29,0,draft.py:2025-12-14_14-50-29
2025-12-14_14-50-37,0,draft.py:2025-12-14_14-50-37
2025-12-14_14-50-46,0,draft.py:2025-12-14_14-50-46
2025-12-14_14-50-51,0,draft.py:2025-12-14_14-50-46
2025-12-14_14-51-05,0,draft.py:2025-12-14_14-51-05
2025-12-14_14-51-15,0,draft.py:2025-12-14_14-51-15
2025-12-14_14-53-16,0,draft.py:2025-12-14_14-53-16
2025-12-14_14-53-34,0,draft.py:2025-12-14_14-53-34
2025-12-14_14-53-43,0,draft.py:2025-12-14_14-53-43
2025-12-14_14-55-47,0,draft.py:2025-12-14_14-55-47
2025-12-14_14-56-00,0,draft.py:2025-12-14_14-56-00
2025-12-14_14-56-52,0,draft.py:2025-12-14_14-56-00
2025-12-14_14-59-06,0,draft.py:2025-12-14_14-59-06
2025-12-14_14-59-33,0,draft.py:2025-12-14_14-59-33
2025-12-14_15-09-19,0,draft.py:2025-12-14_14-59-33
2025-12-14_15-10-30,0,draft.py:2025-12-14_15-10-30
2025-12-14_15-11-28,0,draft.py:2025-12-14_15-10-30
2025-12-14_15-12-52,0,draft.py:2025-12-14_15-12-52
2025-12-14_15-13-16,0,draft.py:2025-12-14_15-13-16
2025-12-14_15-14-03,0,draft.py:2025-12-14_15-14-03
2025-12-14_15-15-05,0,draft.py:2025-12-14_15-15-05
2025-12-14_15-23-01,0,draft.py:2025-12-14_15-23-01
2025-12-14_15-23-56,0,draft.py:2025-12-14_15-23-56
2025-12-14_15-24-11,0,draft.py:2025-12-14_15-24-11
2025-12-14_15-28-21,0,draft.py:2025-12-14_15-24-11
2025-12-14_15-29-34,100,draft.py:2025-12-14_15-29-34
2025-12-14_15-37-06,100,draft.py:2025-12-14_15-37-06
2025-12-14_15-38-55,0,draft.py:2025-12-14_15-38-55
2025-12-14_15-40-09,0,draft.py:2025-12-14_15-40-09
